STRUCTURE,STRUCTURE_ID,STRUCTURE_NAME,ACTION,REF_AREA,Reference area,MEASURE,Measure,UNIT_MEASURE,Unit of measure,TRANSFORMATION,Transformation,ADJUSTMENT,Adjustment,SEX,Sex,AGE,Age,ACTIVITY,Economic activity,FREQ,Frequency of observation,TIME_PERIOD,Time period,OBS_VALUE,Observation value,BASE_PER,Base period,OBS_STATUS,Observation status,UNIT_MULT,Unit multiplier,DECIMALS,Decimals
DATAFLOW,OECD.SDD.TPS:DSD_LFS@DF_IALFS_INDIC(1.0),Infra-annual labour statistics,I,USA,United States,UNE_LF_M,Monthly unemployment rate,PT_LF_SUB,Percentage of labour force in the same subgroup,_Z,Not applicable,Y,Calendar and seasonally adjusted,_T,Total,Y_GE15,15 years or over,_Z,Not applicable,M,Monthly,2013-01,,8,,,,A,Normal value,0,Units,1,One
DATAFLOW,OECD.SDD.TPS:DSD_LFS@DF_IALFS_INDIC(1.0),Infra-annual labour statistics,I,USA,United States,UNE_LF_M,Monthly unemployment rate,PT_LF_SUB,Percentage of labour force in the same subgroup,_Z,Not applicable,Y,Calendar and seasonally adjusted,_T,Total,Y_GE15,15 years or over,_Z,Not applicable,M,Monthly,2013-02,,7.7,,,,A,Normal value,0,Units,1,One
DATAFLOW,OECD.SDD.TPS:DSD_LFS@DF_IALFS_INDIC(1.0),Infra-annual labour statistics,I,USA,United States,UNE_LF_M,Monthly unemployment rate,PT_LF_SUB,Percentage of labour force in the same subgroup,_Z,Not applicable,Y,Calendar and seasonally adjusted,_T,Total,Y_GE15,15 years or over,_Z,Not applicable,M,Monthly,2013-03,,7.5,,,,A,Normal value,0,Units,1,One
DATAFLOW,OECD.SDD.TPS:DSD_LFS@DF_IALFS_INDIC(1.0),Infra-annual labour statistics,I,USA,United States,UNE_LF_M,Monthly unemployment rate,PT_LF_SUB,Percentage of labour force in the same subgroup,_Z,Not applicable,Y,Calendar and seasonally adjusted,_T,Total,Y_GE15,15 years or over,_Z,Not applicable,M,Monthly,2013-04,,7.6,,,,A,Normal value,0,Units,1,One
DATAFLOW,OECD.SDD.TPS:DSD_LFS@DF_IALFS_INDIC(1.0),Infra-annual labour statistics,I,USA,United States,UNE_LF_M,Monthly unemployment rate,PT_LF_SUB,Percentage of labour force in the same subgroup,_Z,Not applicable,Y,Calendar and seasonally adjusted,_T,Total,Y_GE15,15 years or over,_Z,Not applicable,M,Monthly,2013-05,,7.5,,,,A,Normal value,0,Units,1,One
DATAFLOW,OECD.SDD.TPS:DSD_LFS@DF_IALFS_INDIC(1.0),Infra-annual labour statistics,I,USA,United States,UNE_LF_M,Monthly unemployment rate,PT_LF_SUB,Percentage of labour force in the same subgroup,_Z,Not applicable,Y,Calendar and seasonally adjusted,_T,Total,Y_GE15,15 years or over,_Z,Not applicable,M,Monthly,2013-06,,7.5,,,,A,Normal value,0,Units,1,One
DATAFLOW,OECD.SDD.TPS:DSD_LFS@DF_IALFS_INDIC(1.0),Infra-annual labour statistics,I,USA,United States,UNE_LF_M,Monthly unemployment rate,PT_LF_SUB,Percentage of labour force in the same subgroup,_Z,Not applicable,Y,Calendar and seasonally adjusted,_T,Total,Y_GE15,15 years or over,_Z,Not applicable,M,Monthly,2013-07,,7.3,,,,A,Normal value,0,Units,1,One
DATAFLOW,OECD.SDD.TPS:DSD_LFS@DF_IALFS_INDIC(1.0),Infra-annual labour statistics,I,USA,United States,UNE_LF_M,Monthly unemployment rate,PT_LF_SUB,Percentage of labour force in the same subgroup,_Z,Not applicable,Y,Calendar and seasonally adjusted,_T,Total,Y_GE15,15 years or over,_Z,Not applicable,M,Monthly,2013-08,,7.2,,,,A,Normal value,0,Units,1,One
DATAFLOW,OECD.SDD.TPS:DSD_LFS@DF_IALFS_INDIC(1.0),Infra-annual labour statistics,I,USA,United States,UNE_LF_M,Monthly unemployment rate,PT_LF_SUB,Percentage of labour force in the same subgroup,_Z,Not applicable,Y,Calendar and seasonally adjusted,_T,Total,Y_GE15,15 years or over,_Z,Not applicable,M,Monthly,2013-09,,7.2,,,,A,Normal value,0,Units,1,One
DATAFLOW,OECD.SDD.TPS:DSD_LFS@DF_IALFS_INDIC(1.0),Infra-annual labour statistics,I,USA,United States,UNE_LF_M,Monthly unemployment rate,PT_LF_SUB,Percentage of labour force in the same subgroup,_Z,Not applicable,Y,Calendar and seasonally adjusted,_T,Total,Y_GE15,15 years or over,_Z,Not applicable,M,Monthly,2013-10,,7.2,,,,A,Normal value,0,Units,1,One
DATAFLOW,OECD.SDD.TPS:DSD_LFS@DF_IALFS_INDIC(1.0),Infra-annual labour statistics,I,USA,United States,UNE_LF_M,Monthly unemployment rate,PT_LF_SUB,Percentage of labour force in the same subgroup,_Z,Not applicable,Y,Calendar and seasonally adjusted,_T,Total,Y_GE15,15 years or over,_Z,Not applicable,M,Monthly,2013-11,,6.9,,,,A,Normal value,0,Units,1,One
DATAFLOW,OECD.SDD.TPS:DSD_LFS@DF_IALFS_INDIC(1.0),Infra-annual labour statistics,I,USA,United States,UNE_LF_M,Monthly unemployment rate,PT_LF_SUB,Percentage of labour force in the same subgroup,_Z,Not applicable,Y,Calendar and seasonally adjusted,_T,Total,Y_GE15,15 years or over,_Z,Not applicable,M,Monthly,2013-12,,6.7,,,,A,Normal value,0,Units,1,One
DATAFLOW,OECD.SDD.TPS:DSD_LFS@DF_IALFS_INDIC(1.0),Infra-annual labour statistics,I,USA,United States,UNE_LF_M,Monthly unemployment rate,PT_LF_SUB,Percentage of labour force in the same subgroup,_Z,Not applicable,Y,Calendar and seasonally adjusted,_T,Total,Y_GE15,15 years or over,_Z,Not applicable,M,Monthly,2014-01,,6.6,,,,A,Normal value,0,Units,1,One
DATAFLOW,OECD.SDD.TPS:DSD_LFS@DF_IALFS_INDIC(1.0),Infra-annual labour statistics,I,USA,United States,UNE_LF_M,Monthly unemployment rate,PT_LF_SUB,Percentage of labour force in the same subgroup,_Z,Not applicable,Y,Calendar and seasonally adjusted,_T,Total,Y_GE15,15 years or over,_Z,Not applicable,M,Monthly,2014-02,,6.7,,,,A,Normal value,0,Units,1,One
DATAFLOW,OECD.SDD.TPS:DSD_LFS@DF_IALFS_INDIC(1.0),Infra-annual labour statistics,I,USA,United States,UNE_LF_M,Monthly unemployment rate,PT_LF_SUB,Percentage of labour force in the same subgroup,_Z,Not applicable,Y,Calendar and seasonally adjusted,_T,Total,Y_GE15,15 years or over,_Z,Not applicable,M,Monthly,2014-03,,6.7,,,,A,Normal value,0,Units,1,One
DATAFLOW,OECD.SDD.TPS:DSD_LFS@DF_IALFS_INDIC(1.0),Infra-annual labour statistics,I,USA,United States,UNE_LF_M,Monthly unemployment rate,PT_LF_SUB,Percentage of labour force in the same subgroup,_Z,Not applicable,Y,Calendar and seasonally adjusted,_T,Total,Y_GE15,15 years or over,_Z,Not applicable,M,Monthly,2014-04,,6.2,,,,A,Normal value,0,Units,1,One
DATAFLOW,OECD.SDD.TPS:DSD_LFS@DF_IALFS_INDIC(1.0),Infra-annual labour statistics,I,USA,United States,UNE_LF_M,Monthly unemployment rate,PT_LF_SUB,Percentage of labour force in the same subgroup,_Z,Not applicable,Y,Calendar and seasonally adjusted,_T,Total,Y_GE15,15 years or over,_Z,Not applicable,M,Monthly,2014-05,,6.3,,,,A,Normal value,0,Units,1,One
DATAFLOW,OECD.SDD.TPS:DSD_LFS@DF_IALFS_INDIC(1.0),Infra-annual labour statistics,I,USA,United States,UNE_LF_M,Monthly unemployment rate,PT_LF_SUB,Percentage of labour force in the same subgroup,_Z,Not applicable,Y,Calendar and seasonally adjusted,_T,Total,Y_GE15,15 years or over,_Z,Not applicable,M,Monthly,2014-06,,6.1,,,,A,Normal value,0,Units,1,One
DATAFLOW,OECD.SDD.TPS:DSD_LFS@DF_IALFS_INDIC(1.0),Infra-annual labour statistics,I,USA,United States,UNE_LF_M,Monthly unemployment rate,PT_LF_SUB,Percentage of labour force in the same subgroup,_Z,Not applicable,Y,Calendar and seasonally adjusted,_T,Total,Y_GE15,15 years or over,_Z,Not applicable,M,Monthly,2014-07,,6.2,,,,A,Normal value,0,Units,1,One
DATAFLOW,OECD.SDD.TPS:DSD_LFS@DF_IALFS_INDIC(1.0),Infra-annual labour statistics,I,USA,United States,UNE_LF_M,Monthly unemployment rate,PT_LF_SUB,Percentage of labour force in the same subgroup,_Z,Not applicable,Y,Calendar and seasonally adjusted,_T,Total,Y_GE15,15 years or over,_Z,Not applicable,M,Monthly,2014-08,,6.1,,,,A,Normal value,0,Units,1,One
DATAFLOW,OECD.SDD.TPS:DSD_LFS@DF_IALFS_INDIC(1.0),Infra-annual labour statistics,I,USA,United States,UNE_LF_M,Monthly unemployment rate,PT_LF_SUB,Percentage of labour force in the same subgroup,_Z,Not applicable,Y,Calendar and seasonally adjusted,_T,Total,Y_GE15,15 years or over,_Z,Not applicable,M,Monthly,2014-09,,5.9,,,,A,Normal value,0,Units,1,One
DATAFLOW,OECD.SDD.TPS:DSD_LFS@DF_IALFS_INDIC(1.0),Infra-annual labour statistics,I,USA,United States,UNE_LF_M,Monthly unemployment rate,PT_LF_SUB,Percentage of labour force in the same subgroup,_Z,Not applicable,Y,Calendar and seasonally adjusted,_T,Total,Y_GE15,15 years or over,_Z,Not applicable,M,Monthly,2014-10,,5.7,,,,A,Normal value,0,Units,1,One
DATAFLOW,OECD.SDD.TPS:DSD_LFS@DF_IALFS_INDIC(1.0),Infra-annual labour statistics,I,USA,United States,UNE_LF_M,Monthly unemployment rate,PT_LF_SUB,Percentage of labour force in the same subgroup,_Z,Not applicable,Y,Calendar and seasonally adjusted,_T,Total,Y_GE15,15 years or over,_Z,Not applicable,M,Monthly,2014-11,,5.8,,,,A,Normal value,0,Units,1,One
DATAFLOW,OECD.SDD.TPS:DSD_LFS@DF_IALFS_INDIC(1.0),Infra-annual labour statistics,I,USA,United States,UNE_LF_M,Monthly unemployment rate,PT_LF_SUB,Percentage of labour force in the same subgroup,_Z,Not applicable,Y,Calendar and seasonally adjusted,_T,Total,Y_GE15,15 years or over,_Z,Not applicable,M,Monthly,2014-12,,5.6,,,,A,Normal value,0,Units,1,One
DATAFLOW,OECD.SDD.TPS:DSD_LFS@DF_IALFS_INDIC(1.0),Infra-annual labour statistics,I,USA,United States,UNE_LF_M,Monthly unemployment rate,PT_LF_SUB,Percentage of labour force in the same subgroup,_Z,Not applicable,Y,Calendar and seasonally adjusted,_T,Total,Y_GE15,15 years or over,_Z,Not applicable,M,Monthly,2015-01,,5.7,,,,A,Normal value,0,Units,1,One
DATAFLOW,OECD.SDD.TPS:DSD_LFS@DF_IALFS_INDIC(1.0),Infra-annual labour statistics,I,USA,United States,UNE_LF_M,Monthly unemployment rate,PT_LF_SUB,Percentage of labour force in the same subgroup,_Z,Not applicable,Y,Calendar and seasonally adjusted,_T,Total,Y_GE15,15 years or over,_Z,Not applicable,M,Monthly,2015-02,,5.5,,,,A,Normal value,0,Units,1,One
DATAFLOW,OECD.SDD.TPS:DSD_LFS@DF_IALFS_INDIC(1.0),Infra-annual labour statistics,I,USA,United States,UNE_LF_M,Monthly unemployment rate,PT_LF_SUB,Percentage of labour force in the same subgroup,_Z,Not applicable,Y,Calendar and seasonally adjusted,_T,Total,Y_GE15,15 years or over,_Z,Not applicable,M,Monthly,2015-03,,5.4,,,,A,Normal value,0,Units,1,One
DATAFLOW,OECD.SDD.TPS:DSD_LFS@DF_IALFS_INDIC(1.0),Infra-annual labour statistics,I,USA,United States,UNE_LF_M,Monthly unemployment rate,PT_LF_SUB,Percentage of labour force in the same subgroup,_Z,Not applicable,Y,Calendar and seasonally adjusted,_T,Total,Y_GE15,15 years or over,_Z,Not applicable,M,Monthly,2015-04,,5.4,,,,A,Normal value,0,Units,1,One
DATAFLOW,OECD.SDD.TPS:DSD_LFS@DF_IALFS_INDIC(1.0),Infra-annual labour statistics,I,USA,United States,UNE_LF_M,Monthly unemployment rate,PT_LF_SUB,Percentage of labour force in the same subgroup,_Z,Not applicable,Y,Calendar and seasonally adjusted,_T,Total,Y_GE15,15 years or over,_Z,Not applicable,M,Monthly,2015-05,,5.6,,,,A,Normal value,0,Units,1,One
DATAFLOW,OECD.SDD.TPS:DSD_LFS@DF_IALFS_INDIC(1.0),Infra-annual labour statistics,I,USA,United States,UNE_LF_M,Monthly unemployment rate,PT_LF_SUB,Percentage of labour force in the same subgroup,_Z,Not applicable,Y,Calendar and seasonally adjusted,_T,Total,Y_GE15,15 years or over,_Z,Not applicable,M,Monthly,2015-06,,5.3,,,,A,Normal value,0,Units,1,One
DATAFLOW,OECD.SDD.TPS:DSD_LFS@DF_IALFS_INDIC(1.0),Infra-annual labour statistics,I,USA,United States,UNE_LF_M,Monthly unemployment rate,PT_LF_SUB,Percentage of labour force in the same subgroup,_Z,Not applicable,Y,Calendar and seasonally adjusted,_T,Total,Y_GE15,15 years or over,_Z,Not applicable,M,Monthly,2015-07,,5.2,,,,A,Normal value,0,Units,1,One
DATAFLOW,OECD.SDD.TPS:DSD_LFS@DF_IALFS_INDIC(1.0),Infra-annual labour statistics,I,USA,United States,UNE_LF_M,Monthly unemployment rate,PT_LF_SUB,Percentage of labour force in the same subgroup,_Z,Not applicable,Y,Calendar and seasonally adjusted,_T,Total,Y_GE15,15 years or over,_Z,Not applicable,M,Monthly,2015-08,,5.1,,,,A,Normal value,0,Units,1,One
DATAFLOW,OECD.SDD.TPS:DSD_LFS@DF_IALFS_INDIC(1.0),Infra-annual labour statistics,I,USA,United States,UNE_LF_M,Monthly unemployment rate,PT_LF_SUB,Percentage of labour force in the same subgroup,_Z,Not applicable,Y,Calendar and seasonally adjusted,_T,Total,Y_GE15,15 years or over,_Z,Not applicable,M,Monthly,2015-09,,5,,,,A,Normal value,0,Units,1,One
DATAFLOW,OECD.SDD.TPS:DSD_LFS@DF_IALFS_INDIC(1.0),Infra-annual labour statistics,I,USA,United States,UNE_LF_M,Monthly unemployment rate,PT_LF_SUB,Percentage of labour force in the same subgroup,_Z,Not applicable,Y,Calendar and seasonally adjusted,_T,Total,Y_GE15,15 years or over,_Z,Not applicable,M,Monthly,2015-10,,5,,,,A,Normal value,0,Units,1,One
DATAFLOW,OECD.SDD.TPS:DSD_LFS@DF_IALFS_INDIC(1.0),Infra-annual labour statistics,I,USA,United States,UNE_LF_M,Monthly unemployment rate,PT_LF_SUB,Percentage of labour force in the same subgroup,_Z,Not applicable,Y,Calendar and seasonally adjusted,_T,Total,Y_GE15,15 years or over,_Z,Not applicable,M,Monthly,2015-11,,5.1,,,,A,Normal value,0,Units,1,One
DATAFLOW,OECD.SDD.TPS:DSD_LFS@DF_IALFS_INDIC(1.0),Infra-annual labour statistics,I,USA,United States,UNE_LF_M,Monthly unemployment rate,PT_LF_SUB,Percentage of labour force in the same subgroup,_Z,Not applicable,Y,Calendar and seasonally adjusted,_T,Total,Y_GE15,15 years or over,_Z,Not applicable,M,Monthly,2015-12,,5,,,,A,Normal value,0,Units,1,One
DATAFLOW,OECD.SDD.TPS:DSD_LFS@DF_IALFS_INDIC(1.0),Infra-annual labour statistics,I,USA,United States,UNE_LF_M,Monthly unemployment rate,PT_LF_SUB,Percentage of labour force in the same subgroup,_Z,Not applicable,Y,Calendar and seasonally adjusted,_T,Total,Y_GE15,15 years or over,_Z,Not applicable,M,Monthly,2016-01,,4.8,,,,A,Normal value,0,Units,1,One
DATAFLOW,OECD.SDD.TPS:DSD_LFS@DF_IALFS_INDIC(1.0),Infra-annual labour statistics,I,USA,United States,UNE_LF_M,Monthly unemployment rate,PT_LF_SUB,Percentage of labour force in the same subgroup,_Z,Not applicable,Y,Calendar and seasonally adjusted,_T,Total,Y_GE15,15 years or over,_Z,Not applicable,M,Monthly,2016-02,,4.9,,,,A,Normal value,0,Units,1,One
DATAFLOW,OECD.SDD.TPS:DSD_LFS@DF_IALFS_INDIC(1.0),Infra-annual labour statistics,I,USA,United States,UNE_LF_M,Monthly unemployment rate,PT_LF_SUB,Percentage of labour force in the same subgroup,_Z,Not applicable,Y,Calendar and seasonally adjusted,_T,Total,Y_GE15,15 years or over,_Z,Not applicable,M,Monthly,2016-03,,5,,,,A,Normal value,0,Units,1,One
DATAFLOW,OECD.SDD.TPS:DSD_LFS@DF_IALFS_INDIC(1.0),Infra-annual labour statistics,I,USA,United States,UNE_LF_M,Monthly unemployment rate,PT_LF_SUB,Percentage of labour force in the same subgroup,_Z,Not applicable,Y,Calendar and seasonally adjusted,_T,Total,Y_GE15,15 years or over,_Z,Not applicable,M,Monthly,2016-04,,5.1,,,,A,Normal value,0,Units,1,One
DATAFLOW,OECD.SDD.TPS:DSD_LFS@DF_IALFS_INDIC(1.0),Infra-annual labour statistics,I,USA,United States,UNE_LF_M,Monthly unemployment rate,PT_LF_SUB,Percentage of labour force in the same subgroup,_Z,Not applicable,Y,Calendar and seasonally adjusted,_T,Total,Y_GE15,15 years or over,_Z,Not applicable,M,Monthly,2016-05,,4.8,,,,A,Normal value,0,Units,1,One
DATAFLOW,OECD.SDD.TPS:DSD_LFS@DF_IALFS_INDIC(1.0),Infra-annual labour statistics,I,USA,United States,UNE_LF_M,Monthly unemployment rate,PT_LF_SUB,Percentage of labour force in the same subgroup,_Z,Not applicable,Y,Calendar and seasonally adjusted,_T,Total,Y_GE15,15 years or over,_Z,Not applicable,M,Monthly,2016-06,,4.9,,,,A,Normal value,0,Units,1,One
DATAFLOW,OECD.SDD.TPS:DSD_LFS@DF_IALFS_INDIC(1.0),Infra-annual labour statistics,I,USA,United States,UNE_LF_M,Monthly unemployment rate,PT_LF_SUB,Percentage of labour force in the same subgroup,_Z,Not applicable,Y,Calendar and seasonally adjusted,_T,Total,Y_GE15,15 years or over,_Z,Not applicable,M,Monthly,2016-07,,4.8,,,,A,Normal value,0,Units,1,One
DATAFLOW,OECD.SDD.TPS:DSD_LFS@DF_IALFS_INDIC(1.0),Infra-annual labour statistics,I,USA,United States,UNE_LF_M,Monthly unemployment rate,PT_LF_SUB,Percentage of labour force in the same subgroup,_Z,Not applicable,Y,Calendar and seasonally adjusted,_T,Total,Y_GE15,15 years or over,_Z,Not applicable,M,Monthly,2016-08,,4.9,,,,A,Normal value,0,Units,1,One
DATAFLOW,OECD.SDD.TPS:DSD_LFS@DF_IALFS_INDIC(1.0),Infra-annual labour statistics,I,USA,United States,UNE_LF_M,Monthly unemployment rate,PT_LF_SUB,Percentage of labour force in the same subgroup,_Z,Not applicable,Y,Calendar and seasonally adjusted,_T,Total,Y_GE15,15 years or over,_Z,Not applicable,M,Monthly,2016-09,,5,,,,A,Normal value,0,Units,1,One
DATAFLOW,OECD.SDD.TPS:DSD_LFS@DF_IALFS_INDIC(1.0),Infra-annual labour statistics,I,USA,United States,UNE_LF_M,Monthly unemployment rate,PT_LF_SUB,Percentage of labour force in the same subgroup,_Z,Not applicable,Y,Calendar and seasonally adjusted,_T,Total,Y_GE15,15 years or over,_Z,Not applicable,M,Monthly,2016-10,,4.9,,,,A,Normal value,0,Units,1,One
DATAFLOW,OECD.SDD.TPS:DSD_LFS@DF_IALFS_INDIC(1.0),Infra-annual labour statistics,I,USA,United States,UNE_LF_M,Monthly unemployment rate,PT_LF_SUB,Percentage of labour force in the same subgroup,_Z,Not applicable,Y,Calendar and seasonally adjusted,_T,Total,Y_GE15,15 years or over,_Z,Not applicable,M,Monthly,2016-11,,4.7,,,,A,Normal value,0,Units,1,One
DATAFLOW,OECD.SDD.TPS:DSD_LFS@DF_IALFS_INDIC(1.0),Infra-annual labour statistics,I,USA,United States,UNE_LF_M,Monthly unemployment rate,PT_LF_SUB,Percentage of labour force in the same subgroup,_Z,Not applicable,Y,Calendar and seasonally adjusted,_T,Total,Y_GE15,15 years or over,_Z,Not applicable,M,Monthly,2016-12,,4.7,,,,A,Normal value,0,Units,1,One
DATAFLOW,OECD.SDD.TPS:DSD_LFS@DF_IALFS_INDIC(1.0),Infra-annual labour statistics,I,USA,United States,UNE_LF_M,Monthly unemployment rate,PT_LF_SUB,Percentage of labour force in the same subgroup,_Z,Not applicable,Y,Calendar and seasonally adjusted,_T,Total,Y_GE15,15 years or over,_Z,Not applicable,M,Monthly,2017-01,,4.7,,,,A,Normal value,0,Units,1,One
DATAFLOW,OECD.SDD.TPS:DSD_LFS@DF_IALFS_INDIC(1.0),Infra-annual labour statistics,I,USA,United States,UNE_LF_M,Monthly unemployment rate,PT_LF_SUB,Percentage of labour force in the same subgroup,_Z,Not applicable,Y,Calendar and seasonally adjusted,_T,Total,Y_GE15,15 years or over,_Z,Not applicable,M,Monthly,2017-02,,4.6,,,,A,Normal value,0,Units,1,One
DATAFLOW,OECD.SDD.TPS:DSD_LFS@DF_IALFS_INDIC(1.0),Infra-annual labour statistics,I,USA,United States,UNE_LF_M,Monthly unemployment rate,PT_LF_SUB,Percentage of labour force in the same subgroup,_Z,Not applicable,Y,Calendar and seasonally adjusted,_T,Total,Y_GE15,15 years or over,_Z,Not applicable,M,Monthly,2017-03,,4.4,,,,A,Normal value,0,Units,1,One
DATAFLOW,OECD.SDD.TPS:DSD_LFS@DF_IALFS_INDIC(1.0),Infra-annual labour statistics,I,USA,United States,UNE_LF_M,Monthly unemployment rate,PT_LF_SUB,Percentage of labour force in the same subgroup,_Z,Not applicable,Y,Calendar and seasonally adjusted,_T,Total,Y_GE15,15 years or over,_Z,Not applicable,M,Monthly,2017-04,,4.4,,,,A,Normal value,0,Units,1,One
DATAFLOW,OECD.SDD.TPS:DSD_LFS@DF_IALFS_INDIC(1.0),Infra-annual labour statistics,I,USA,United States,UNE_LF_M,Monthly unemployment rate,PT_LF_SUB,Percentage of labour force in the same subgroup,_Z,Not applicable,Y,Calendar and seasonally adjusted,_T,Total,Y_GE15,15 years or over,_Z,Not applicable,M,Monthly,2017-05,,4.4,,,,A,Normal value,0,Units,1,One
DATAFLOW,OECD.SDD.TPS:DSD_LFS@DF_IALFS_INDIC(1.0),Infra-annual labour statistics,I,USA,United States,UNE_LF_M,Monthly unemployment rate,PT_LF_SUB,Percentage of labour force in the same subgroup,_Z,Not applicable,Y,Calendar and seasonally adjusted,_T,Total,Y_GE15,15 years or over,_Z,Not applicable,M,Monthly,2017-06,,4.3,,,,A,Normal value,0,Units,1,One
DATAFLOW,OECD.SDD.TPS:DSD_LFS@DF_IALFS_INDIC(1.0),Infra-annual labour statistics,I,USA,United States,UNE_LF_M,Monthly unemployment rate,PT_LF_SUB,Percentage of labour force in the same subgroup,_Z,Not applicable,Y,Calendar and seasonally adjusted,_T,Total,Y_GE15,15 years or over,_Z,Not applicable,M,Monthly,2017-07,,4.3,,,,A,Normal value,0,Units,1,One
DATAFLOW,OECD.SDD.TPS:DSD_LFS@DF_IALFS_INDIC(1.0),Infra-annual labour statistics,I,USA,United States,UNE_LF_M,Monthly unemployment rate,PT_LF_SUB,Percentage of labour force in the same subgroup,_Z,Not applicable,Y,Calendar and seasonally adjusted,_T,Total,Y_GE15,15 years or over,_Z,Not applicable,M,Monthly,2017-08,,4.4,,,,A,Normal value,0,Units,1,One
DATAFLOW,OECD.SDD.TPS:DSD_LFS@DF_IALFS_INDIC(1.0),Infra-annual labour statistics,I,USA,United States,UNE_LF_M,Monthly unemployment rate,PT_LF_SUB,Percentage of labour force in the same subgroup,_Z,Not applicable,Y,Calendar and seasonally adjusted,_T,Total,Y_GE15,15 years or over,_Z,Not applicable,M,Monthly,2017-09,,4.3,,,,A,Normal value,0,Units,1,One
DATAFLOW,OECD.SDD.TPS:DSD_LFS@DF_IALFS_INDIC(1.0),Infra-annual labour statistics,I,USA,United States,UNE_LF_M,Monthly unemployment rate,PT_LF_SUB,Percentage of labour force in the same subgroup,_Z,Not applicable,Y,Calendar and seasonally adjusted,_T,Total,Y_GE15,15 years or over,_Z,Not applicable,M,Monthly,2017-10,,4.2,,,,A,Normal value,0,Units,1,One
DATAFLOW,OECD.SDD.TPS:DSD_LFS@DF_IALFS_INDIC(1.0),Infra-annual labour statistics,I,USA,United States,UNE_LF_M,Monthly unemployment rate,PT_LF_SUB,Percentage of labour force in the same subgroup,_Z,Not applicable,Y,Calendar and seasonally adjusted,_T,Total,Y_GE15,15 years or over,_Z,Not applicable,M,Monthly,2017-11,,4.2,,,,A,Normal value,0,Units,1,One
DATAFLOW,OECD.SDD.TPS:DSD_LFS@DF_IALFS_INDIC(1.0),Infra-annual labour statistics,I,USA,United States,UNE_LF_M,Monthly unemployment rate,PT_LF_SUB,Percentage of labour force in the same subgroup,_Z,Not applicable,Y,Calendar and seasonally adjusted,_T,Total,Y_GE15,15 years or over,_Z,Not applicable,M,Monthly,2017-12,,4.1,,,,A,Normal value,0,Units,1,One
DATAFLOW,OECD.SDD.TPS:DSD_LFS@DF_IALFS_INDIC(1.0),Infra-annual labour statistics,I,USA,United States,UNE_LF_M,Monthly unemployment rate,PT_LF_SUB,Percentage of labour force in the same subgroup,_Z,Not applicable,Y,Calendar and seasonally adjusted,_T,Total,Y_GE15,15 years or over,_Z,Not applicable,M,Monthly,2018-01,,4,,,,A,Normal value,0,Units,1,One
DATAFLOW,OECD.SDD.TPS:DSD_LFS@DF_IALFS_INDIC(1.0),Infra-annual labour statistics,I,USA,United States,UNE_LF_M,Monthly unemployment rate,PT_LF_SUB,Percentage of labour force in the same subgroup,_Z,Not applicable,Y,Calendar and seasonally adjusted,_T,Total,Y_GE15,15 years or over,_Z,Not applicable,M,Monthly,2018-02,,4.1,,,,A,Normal value,0,Units,1,One
DATAFLOW,OECD.SDD.TPS:DSD_LFS@DF_IALFS_INDIC(1.0),Infra-annual labour statistics,I,USA,United States,UNE_LF_M,Monthly unemployment rate,PT_LF_SUB,Percentage of labour force in the same subgroup,_Z,Not applicable,Y,Calendar and seasonally adjusted,_T,Total,Y_GE15,15 years or over,_Z,Not applicable,M,Monthly,2018-03,,4,,,,A,Normal value,0,Units,1,One
DATAFLOW,OECD.SDD.TPS:DSD_LFS@DF_IALFS_INDIC(1.0),Infra-annual labour statistics,I,USA,United States,UNE_LF_M,Monthly unemployment rate,PT_LF_SUB,Percentage of labour force in the same subgroup,_Z,Not applicable,Y,Calendar and seasonally adjusted,_T,Total,Y_GE15,15 years or over,_Z,Not applicable,M,Monthly,2018-04,,4,,,,A,Normal value,0,Units,1,One
DATAFLOW,OECD.SDD.TPS:DSD_LFS@DF_IALFS_INDIC(1.0),Infra-annual labour statistics,I,USA,United States,UNE_LF_M,Monthly unemployment rate,PT_LF_SUB,Percentage of labour force in the same subgroup,_Z,Not applicable,Y,Calendar and seasonally adjusted,_T,Total,Y_GE15,15 years or over,_Z,Not applicable,M,Monthly,2018-05,,3.8,,,,A,Normal value,0,Units,1,One
DATAFLOW,OECD.SDD.TPS:DSD_LFS@DF_IALFS_INDIC(1.0),Infra-annual labour statistics,I,USA,United States,UNE_LF_M,Monthly unemployment rate,PT_LF_SUB,Percentage of labour force in the same subgroup,_Z,Not applicable,Y,Calendar and seasonally adjusted,_T,Total,Y_GE15,15 years or over,_Z,Not applicable,M,Monthly,2018-06,,4,,,,A,Normal value,0,Units,1,One
DATAFLOW,OECD.SDD.TPS:DSD_LFS@DF_IALFS_INDIC(1.0),Infra-annual labour statistics,I,USA,United States,UNE_LF_M,Monthly unemployment rate,PT_LF_SUB,Percentage of labour force in the same subgroup,_Z,Not applicable,Y,Calendar and seasonally adjusted,_T,Total,Y_GE15,15 years or over,_Z,Not applicable,M,Monthly,2018-07,,3.8,,,,A,Normal value,0,Units,1,One
DATAFLOW,OECD.SDD.TPS:DSD_LFS@DF_IALFS_INDIC(1.0),Infra-annual labour statistics,I,USA,United States,UNE_LF_M,Monthly unemployment rate,PT_LF_SUB,Percentage of labour force in the same subgroup,_Z,Not applicable,Y,Calendar and seasonally adjusted,_T,Total,Y_GE15,15 years or over,_Z,Not applicable,M,Monthly,2018-08,,3.8,,,,A,Normal value,0,Units,1,One
DATAFLOW,OECD.SDD.TPS:DSD_LFS@DF_IALFS_INDIC(1.0),Infra-annual labour statistics,I,USA,United States,UNE_LF_M,Monthly unemployment rate,PT_LF_SUB,Percentage of labour force in the same subgroup,_Z,Not applicable,Y,Calendar and seasonally adjusted,_T,Total,Y_GE15,15 years or over,_Z,Not applicable,M,Monthly,2018-09,,3.7,,,,A,Normal value,0,Units,1,One
DATAFLOW,OECD.SDD.TPS:DSD_LFS@DF_IALFS_INDIC(1.0),Infra-annual labour statistics,I,USA,United States,UNE_LF_M,Monthly unemployment rate,PT_LF_SUB,Percentage of labour force in the same subgroup,_Z,Not applicable,Y,Calendar and seasonally adjusted,_T,Total,Y_GE15,15 years or over,_Z,Not applicable,M,Monthly,2018-10,,3.8,,,,A,Normal value,0,Units,1,One
DATAFLOW,OECD.SDD.TPS:DSD_LFS@DF_IALFS_INDIC(1.0),Infra-annual labour statistics,I,USA,United States,UNE_LF_M,Monthly unemployment rate,PT_LF_SUB,Percentage of labour force in the same subgroup,_Z,Not applicable,Y,Calendar and seasonally adjusted,_T,Total,Y_GE15,15 years or over,_Z,Not applicable,M,Monthly,2018-11,,3.8,,,,A,Normal value,0,Units,1,One
DATAFLOW,OECD.SDD.TPS:DSD_LFS@DF_IALFS_INDIC(1.0),Infra-annual labour statistics,I,USA,United States,UNE_LF_M,Monthly unemployment rate,PT_LF_SUB,Percentage of labour force in the same subgroup,_Z,Not applicable,Y,Calendar and seasonally adjusted,_T,Total,Y_GE15,15 years or over,_Z,Not applicable,M,Monthly,2018-12,,3.9,,,,A,Normal value,0,Units,1,One
DATAFLOW,OECD.SDD.TPS:DSD_LFS@DF_IALFS_INDIC(1.0),Infra-annual labour statistics,I,USA,United States,UNE_LF_M,Monthly unemployment rate,PT_LF_SUB,Percentage of labour force in the same subgroup,_Z,Not applicable,Y,Calendar and seasonally adjusted,_T,Total,Y_GE15,15 years or over,_Z,Not applicable,M,Monthly,2019-01,,4,,,,A,Normal value,0,Units,1,One
DATAFLOW,OECD.SDD.TPS:DSD_LFS@DF_IALFS_INDIC(1.0),Infra-annual labour statistics,I,USA,United States,UNE_LF_M,Monthly unemployment rate,PT_LF_SUB,Percentage of labour force in the same subgroup,_Z,Not applicable,Y,Calendar and seasonally adjusted,_T,Total,Y_GE15,15 years or over,_Z,Not applicable,M,Monthly,2019-02,,3.8,,,,A,Normal value,0,Units,1,One
DATAFLOW,OECD.SDD.TPS:DSD_LFS@DF_IALFS_INDIC(1.0),Infra-annual labour statistics,I,USA,United States,UNE_LF_M,Monthly unemployment rate,PT_LF_SUB,Percentage of labour force in the same subgroup,_Z,Not applicable,Y,Calendar and seasonally adjusted,_T,Total,Y_GE15,15 years or over,_Z,Not applicable,M,Monthly,2019-03,,3.8,,,,A,Normal value,0,Units,1,One
DATAFLOW,OECD.SDD.TPS:DSD_LFS@DF_IALFS_INDIC(1.0),Infra-annual labour statistics,I,USA,United States,UNE_LF_M,Monthly unemployment rate,PT_LF_SUB,Percentage of labour force in the same subgroup,_Z,Not applicable,Y,Calendar and seasonally adjusted,_T,Total,Y_GE15,15 years or over,_Z,Not applicable,M,Monthly,2019-04,,3.7,,,,A,Normal value,0,Units,1,One
DATAFLOW,OECD.SDD.TPS:DSD_LFS@DF_IALFS_INDIC(1.0),Infra-annual labour statistics,I,USA,United States,UNE_LF_M,Monthly unemployment rate,PT_LF_SUB,Percentage of labour force in the same subgroup,_Z,Not applicable,Y,Calendar and seasonally adjusted,_T,Total,Y_GE15,15 years or over,_Z,Not applicable,M,Monthly,2019-05,,3.6,,,,A,Normal value,0,Units,1,One
DATAFLOW,OECD.SDD.TPS:DSD_LFS@DF_IALFS_INDIC(1.0),Infra-annual labour statistics,I,USA,United States,UNE_LF_M,Monthly unemployment rate,PT_LF_SUB,Percentage of labour force in the same subgroup,_Z,Not applicable,Y,Calendar and seasonally adjusted,_T,Total,Y_GE15,15 years or over,_Z,Not applicable,M,Monthly,2019-06,,3.6,,,,A,Normal value,0,Units,1,One
DATAFLOW,OECD.SDD.TPS:DSD_LFS@DF_IALFS_INDIC(1.0),Infra-annual labour statistics,I,USA,United States,UNE_LF_M,Monthly unemployment rate,PT_LF_SUB,Percentage of labour force in the same subgroup,_Z,Not applicable,Y,Calendar and seasonally adjusted,_T,Total,Y_GE15,15 years or over,_Z,Not applicable,M,Monthly,2019-07,,3.7,,,,A,Normal value,0,Units,1,One
DATAFLOW,OECD.SDD.TPS:DSD_LFS@DF_IALFS_INDIC(1.0),Infra-annual labour statistics,I,USA,United States,UNE_LF_M,Monthly unemployment rate,PT_LF_SUB,Percentage of labour force in the same subgroup,_Z,Not applicable,Y,Calendar and seasonally adjusted,_T,Total,Y_GE15,15 years or over,_Z,Not applicable,M,Monthly,2019-08,,3.6,,,,A,Normal value,0,Units,1,One
DATAFLOW,OECD.SDD.TPS:DSD_LFS@DF_IALFS_INDIC(1.0),Infra-annual labour statistics,I,USA,United States,UNE_LF_M,Monthly unemployment rate,PT_LF_SUB,Percentage of labour force in the same subgroup,_Z,Not applicable,Y,Calendar and seasonally adjusted,_T,Total,Y_GE15,15 years or over,_Z,Not applicable,M,Monthly,2019-09,,3.5,,,,A,Normal value,0,Units,1,One
DATAFLOW,OECD.SDD.TPS:DSD_LFS@DF_IALFS_INDIC(1.0),Infra-annual labour statistics,I,USA,United States,UNE_LF_M,Monthly unemployment rate,PT_LF_SUB,Percentage of labour force in the same subgroup,_Z,Not applicable,Y,Calendar and seasonally adjusted,_T,Total,Y_GE15,15 years or over,_Z,Not applicable,M,Monthly,2019-10,,3.6,,,,A,Normal value,0,Units,1,One
DATAFLOW,OECD.SDD.TPS:DSD_LFS@DF_IALFS_INDIC(1.0),Infra-annual labour statistics,I,USA,United States,UNE_LF_M,Monthly unemployment rate,PT_LF_SUB,Percentage of labour force in the same subgroup,_Z,Not applicable,Y,Calendar and seasonally adjusted,_T,Total,Y_GE15,15 years or over,_Z,Not applicable,M,Monthly,2019-11,,3.6,,,,A,Normal value,0,Units,1,One
DATAFLOW,OECD.SDD.TPS:DSD_LFS@DF_IALFS_INDIC(1.0),Infra-annual labour statistics,I,USA,United States,UNE_LF_M,Monthly unemployment rate,PT_LF_SUB,Percentage of labour force in the same subgroup,_Z,Not applicable,Y,Calendar and seasonally adjusted,_T,Total,Y_GE15,15 years or over,_Z,Not applicable,M,Monthly,2019-12,,3.6,,,,A,Normal value,0,Units,1,One
DATAFLOW,OECD.SDD.TPS:DSD_LFS@DF_IALFS_INDIC(1.0),Infra-annual labour statistics,I,USA,United States,UNE_LF_M,Monthly unemployment rate,PT_LF_SUB,Percentage of labour force in the same subgroup,_Z,Not applicable,Y,Calendar and seasonally adjusted,_T,Total,Y_GE15,15 years or over,_Z,Not applicable,M,Monthly,2020-01,,3.6,,,,A,Normal value,0,Units,1,One
DATAFLOW,OECD.SDD.TPS:DSD_LFS@DF_IALFS_INDIC(1.0),Infra-annual labour statistics,I,USA,United States,UNE_LF_M,Monthly unemployment rate,PT_LF_SUB,Percentage of labour force in the same subgroup,_Z,Not applicable,Y,Calendar and seasonally adjusted,_T,Total,Y_GE15,15 years or over,_Z,Not applicable,M,Monthly,2020-02,,3.5,,,,A,Normal value,0,Units,1,One
DATAFLOW,OECD.SDD.TPS:DSD_LFS@DF_IALFS_INDIC(1.0),Infra-annual labour statistics,I,USA,United States,UNE_LF_M,Monthly unemployment rate,PT_LF_SUB,Percentage of labour force in the same subgroup,_Z,Not applicable,Y,Calendar and seasonally adjusted,_T,Total,Y_GE15,15 years or over,_Z,Not applicable,M,Monthly,2020-03,,4.4,,,,A,Normal value,0,Units,1,One
DATAFLOW,OECD.SDD.TPS:DSD_LFS@DF_IALFS_INDIC(1.0),Infra-annual labour statistics,I,USA,United States,UNE_LF_M,Monthly unemployment rate,PT_LF_SUB,Percentage of labour force in the same subgroup,_Z,Not applicable,Y,Calendar and seasonally adjusted,_T,Total,Y_GE15,15 years or over,_Z,Not applicable,M,Monthly,2020-04,,14.8,,,,A,Normal value,0,Units,1,One
DATAFLOW,OECD.SDD.TPS:DSD_LFS@DF_IALFS_INDIC(1.0),Infra-annual labour statistics,I,USA,United States,UNE_LF_M,Monthly unemployment rate,PT_LF_SUB,Percentage of labour force in the same subgroup,_Z,Not applicable,Y,Calendar and seasonally adjusted,_T,Total,Y_GE15,15 years or over,_Z,Not applicable,M,Monthly,2020-05,,13.2,,,,A,Normal value,0,Units,1,One
DATAFLOW,OECD.SDD.TPS:DSD_LFS@DF_IALFS_INDIC(1.0),Infra-annual labour statistics,I,USA,United States,UNE_LF_M,Monthly unemployment rate,PT_LF_SUB,Percentage of labour force in the same subgroup,_Z,Not applicable,Y,Calendar and seasonally adjusted,_T,Total,Y_GE15,15 years or over,_Z,Not applicable,M,Monthly,2020-06,,11,,,,A,Normal value,0,Units,1,One
DATAFLOW,OECD.SDD.TPS:DSD_LFS@DF_IALFS_INDIC(1.0),Infra-annual labour statistics,I,USA,United States,UNE_LF_M,Monthly unemployment rate,PT_LF_SUB,Percentage of labour force in the same subgroup,_Z,Not applicable,Y,Calendar and seasonally adjusted,_T,Total,Y_GE15,15 years or over,_Z,Not applicable,M,Monthly,2020-07,,10.2,,,,A,Normal value,0,Units,1,One
DATAFLOW,OECD.SDD.TPS:DSD_LFS@DF_IALFS_INDIC(1.0),Infra-annual labour statistics,I,USA,United States,UNE_LF_M,Monthly unemployment rate,PT_LF_SUB,Percentage of labour force in the same subgroup,_Z,Not applicable,Y,Calendar and seasonally adjusted,_T,Total,Y_GE15,15 years or over,_Z,Not applicable,M,Monthly,2020-08,,8.4,,,,A,Normal value,0,Units,1,One
DATAFLOW,OECD.SDD.TPS:DSD_LFS@DF_IALFS_INDIC(1.0),Infra-annual labour statistics,I,USA,United States,UNE_LF_M,Monthly unemployment rate,PT_LF_SUB,Percentage of labour force in the same subgroup,_Z,Not applicable,Y,Calendar and seasonally adjusted,_T,Total,Y_GE15,15 years or over,_Z,Not applicable,M,Monthly,2020-09,,7.8,,,,A,Normal value,0,Units,1,One
DATAFLOW,OECD.SDD.TPS:DSD_LFS@DF_IALFS_INDIC(1.0),Infra-annual labour statistics,I,USA,United States,UNE_LF_M,Monthly unemployment rate,PT_LF_SUB,Percentage of labour force in the same subgroup,_Z,Not applicable,Y,Calendar and seasonally adjusted,_T,Total,Y_GE15,15 years or over,_Z,Not applicable,M,Monthly,2020-10,,6.8,,,,A,Normal value,0,Units,1,One
DATAFLOW,OECD.SDD.TPS:DSD_LFS@DF_IALFS_INDIC(1.0),Infra-annual labour statistics,I,USA,United States,UNE_LF_M,Monthly unemployment rate,PT_LF_SUB,Percentage of labour force in the same subgroup,_Z,Not applicable,Y,Calendar and seasonally adjusted,_T,Total,Y_GE15,15 years or over,_Z,Not applicable,M,Monthly,2020-11,,6.7,,,,A,Normal value,0,Units,1,One
DATAFLOW,OECD.SDD.TPS:DSD_LFS@DF_IALFS_INDIC(1.0),Infra-annual labour statistics,I,USA,United States,UNE_LF_M,Monthly unemployment rate,PT_LF_SUB,Percentage of labour force in the same subgroup,_Z,Not applicable,Y,Calendar and seasonally adjusted,_T,Total,Y_GE15,15 years or over,_Z,Not applicable,M,Monthly,2020-12,,6.7,,,,A,Normal value,0,Units,1,One
DATAFLOW,OECD.SDD.TPS:DSD_LFS@DF_IALFS_INDIC(1.0),Infra-annual labour statistics,I,USA,United States,UNE_LF_M,Monthly unemployment rate,PT_LF_SUB,Percentage of labour force in the same subgroup,_Z,Not applicable,Y,Calendar and seasonally adjusted,_T,Total,Y_GE15,15 years or over,_Z,Not applicable,M,Monthly,2021-01,,6.4,,,,A,Normal value,0,Units,1,One
DATAFLOW,OECD.SDD.TPS:DSD_LFS@DF_IALFS_INDIC(1.0),Infra-annual labour statistics,I,USA,United States,UNE_LF_M,Monthly unemployment rate,PT_LF_SUB,Percentage of labour force in the same subgroup,_Z,Not applicable,Y,Calendar and seasonally adjusted,_T,Total,Y_GE15,15 years or over,_Z,Not applicable,M,Monthly,2021-02,,6.2,,,,A,Normal value,0,Units,1,One
DATAFLOW,OECD.SDD.TPS:DSD_LFS@DF_IALFS_INDIC(1.0),Infra-annual labour statistics,I,USA,United States,UNE_LF_M,Monthly unemployment rate,PT_LF_SUB,Percentage of labour force in the same subgroup,_Z,Not applicable,Y,Calendar and seasonally adjusted,_T,Total,Y_GE15,15 years or over,_Z,Not applicable,M,Monthly,2021-03,,6.1,,,,A,Normal value,0,Units,1,One
DATAFLOW,OECD.SDD.TPS:DSD_LFS@DF_IALFS_INDIC(1.0),Infra-annual labour statistics,I,USA,United States,UNE_LF_M,Monthly unemployment rate,PT_LF_SUB,Percentage of labour force in the same subgroup,_Z,Not applicable,Y,Calendar and seasonally adjusted,_T,Total,Y_GE15,15 years or over,_Z,Not applicable,M,Monthly,2021-04,,6.1,,,,A,Normal value,0,Units,1,One
DATAFLOW,OECD.SDD.TPS:DSD_LFS@DF_IALFS_INDIC(1.0),Infra-annual labour statistics,I,USA,United States,UNE_LF_M,Monthly unemployment rate,PT_LF_SUB,Percentage of labour force in the same subgroup,_Z,Not applicable,Y,Calendar and seasonally adjusted,_T,Total,Y_GE15,15 years or over,_Z,Not applicable,M,Monthly,2021-05,,5.8,,,,A,Normal value,0,Units,1,One
DATAFLOW,OECD.SDD.TPS:DSD_LFS@DF_IALFS_INDIC(1.0),Infra-annual labour statistics,I,USA,United States,UNE_LF_M,Monthly unemployment rate,PT_LF_SUB,Percentage of labour force in the same subgroup,_Z,Not applicable,Y,Calendar and seasonally adjusted,_T,Total,Y_GE15,15 years or over,_Z,Not applicable,M,Monthly,2021-06,,5.9,,,,A,Normal value,0,Units,1,One
DATAFLOW,OECD.SDD.TPS:DSD_LFS@DF_IALFS_INDIC(1.0),Infra-annual labour statistics,I,USA,United States,UNE_LF_M,Monthly unemployment rate,PT_LF_SUB,Percentage of labour force in the same subgroup,_Z,Not applicable,Y,Calendar and seasonally adjusted,_T,Total,Y_GE15,15 years or over,_Z,Not applicable,M,Monthly,2021-07,,5.4,,,,A,Normal value,0,Units,1,One
DATAFLOW,OECD.SDD.TPS:DSD_LFS@DF_IALFS_INDIC(1.0),Infra-annual labour statistics,I,USA,United States,UNE_LF_M,Monthly unemployment rate,PT_LF_SUB,Percentage of labour force in the same subgroup,_Z,Not applicable,Y,Calendar and seasonally adjusted,_T,Total,Y_GE15,15 years or over,_Z,Not applicable,M,Monthly,2021-08,,5.1,,,,A,Normal value,0,Units,1,One
DATAFLOW,OECD.SDD.TPS:DSD_LFS@DF_IALFS_INDIC(1.0),Infra-annual labour statistics,I,USA,United States,UNE_LF_M,Monthly unemployment rate,PT_LF_SUB,Percentage of labour force in the same subgroup,_Z,Not applicable,Y,Calendar and seasonally adjusted,_T,Total,Y_GE15,15 years or over,_Z,Not applicable,M,Monthly,2021-09,,4.7,,,,A,Normal value,0,Units,1,One
DATAFLOW,OECD.SDD.TPS:DSD_LFS@DF_IALFS_INDIC(1.0),Infra-annual labour statistics,I,USA,United States,UNE_LF_M,Monthly unemployment rate,PT_LF_SUB,Percentage of labour force in the same subgroup,_Z,Not applicable,Y,Calendar and seasonally adjusted,_T,Total,Y_GE15,15 years or over,_Z,Not applicable,M,Monthly,2021-10,,4.5,,,,A,Normal value,0,Units,1,One
DATAFLOW,OECD.SDD.TPS:DSD_LFS@DF_IALFS_INDIC(1.0),Infra-annual labour statistics,I,USA,United States,UNE_LF_M,Monthly unemployment rate,PT_LF_SUB,Percentage of labour force in the same subgroup,_Z,Not applicable,Y,Calendar and seasonally adjusted,_T,Total,Y_GE15,15 years or over,_Z,Not applicable,M,Monthly,2021-11,,4.1,,,,A,Normal value,0,Units,1,One
DATAFLOW,OECD.SDD.TPS:DSD_LFS@DF_IALFS_INDIC(1.0),Infra-annual labour statistics,I,USA,United States,UNE_LF_M,Monthly unemployment rate,PT_LF_SUB,Percentage of labour force in the same subgroup,_Z,Not applicable,Y,Calendar and seasonally adjusted,_T,Total,Y_GE15,15 years or over,_Z,Not applicable,M,Monthly,2021-12,,3.9,,,,A,Normal value,0,Units,1,One
DATAFLOW,OECD.SDD.TPS:DSD_LFS@DF_IALFS_INDIC(1.0),Infra-annual labour statistics,I,USA,United States,UNE_LF_M,Monthly unemployment rate,PT_LF_SUB,Percentage of labour force in the same subgroup,_Z,Not applicable,Y,Calendar and seasonally adjusted,_T,Total,Y_GE15,15 years or over,_Z,Not applicable,M,Monthly,2022-01,,4,,,,A,Normal value,0,Units,1,One
DATAFLOW,OECD.SDD.TPS:DSD_LFS@DF_IALFS_INDIC(1.0),Infra-annual labour statistics,I,USA,United States,UNE_LF_M,Monthly unemployment rate,PT_LF_SUB,Percentage of labour force in the same subgroup,_Z,Not applicable,Y,Calendar and seasonally adjusted,_T,Total,Y_GE15,15 years or over,_Z,Not applicable,M,Monthly,2022-02,,3.8,,,,A,Normal value,0,Units,1,One
DATAFLOW,OECD.SDD.TPS:DSD_LFS@DF_IALFS_INDIC(1.0),Infra-annual labour statistics,I,USA,United States,UNE_LF_M,Monthly unemployment rate,PT_LF_SUB,Percentage of labour force in the same subgroup,_Z,Not applicable,Y,Calendar and seasonally adjusted,_T,Total,Y_GE15,15 years or over,_Z,Not applicable,M,Monthly,2022-03,,3.6,,,,A,Normal value,0,Units,1,One
DATAFLOW,OECD.SDD.TPS:DSD_LFS@DF_IALFS_INDIC(1.0),Infra-annual labour statistics,I,USA,United States,UNE_LF_M,Monthly unemployment rate,PT_LF_SUB,Percentage of labour force in the same subgroup,_Z,Not applicable,Y,Calendar and seasonally adjusted,_T,Total,Y_GE15,15 years or over,_Z,Not applicable,M,Monthly,2022-04,,3.7,,,,A,Normal value,0,Units,1,One
DATAFLOW,OECD.SDD.TPS:DSD_LFS@DF_IALFS_INDIC(1.0),Infra-annual labour statistics,I,USA,United States,UNE_LF_M,Monthly unemployment rate,PT_LF_SUB,Percentage of labour force in the same subgroup,_Z,Not applicable,Y,Calendar and seasonally adjusted,_T,Total,Y_GE15,15 years or over,_Z,Not applicable,M,Monthly,2022-05,,3.6,,,,A,Normal value,0,Units,1,One
DATAFLOW,OECD.SDD.TPS:DSD_LFS@DF_IALFS_INDIC(1.0),Infra-annual labour statistics,I,USA,United States,UNE_LF_M,Monthly unemployment rate,PT_LF_SUB,Percentage of labour force in the same subgroup,_Z,Not applicable,Y,Calendar and seasonally adjusted,_T,Total,Y_GE15,15 years or over,_Z,Not applicable,M,Monthly,2022-06,,3.6,,,,A,Normal value,0,Units,1,One
DATAFLOW,OECD.SDD.TPS:DSD_LFS@DF_IALFS_INDIC(1.0),Infra-annual labour statistics,I,USA,United States,UNE_LF_M,Monthly unemployment rate,PT_LF_SUB,Percentage of labour force in the same subgroup,_Z,Not applicable,Y,Calendar and seasonally adjusted,_T,Total,Y_GE15,15 years or over,_Z,Not applicable,M,Monthly,2022-07,,3.5,,,,A,Normal value,0,Units,1,One
DATAFLOW,OECD.SDD.TPS:DSD_LFS@DF_IALFS_INDIC(1.0),Infra-annual labour statistics,I,USA,United States,UNE_LF_M,Monthly unemployment rate,PT_LF_SUB,Percentage of labour force in the same subgroup,_Z,Not applicable,Y,Calendar and seasonally adjusted,_T,Total,Y_GE15,15 years or over,_Z,Not applicable,M,Monthly,2022-08,,3.6,,,,A,Normal value,0,Units,1,One
DATAFLOW,OECD.SDD.TPS:DSD_LFS@DF_IALFS_INDIC(1.0),Infra-annual labour statistics,I,USA,United States,UNE_LF_M,Monthly unemployment rate,PT_LF_SUB,Percentage of labour force in the same subgroup,_Z,Not applicable,Y,Calendar and seasonally adjusted,_T,Total,Y_GE15,15 years or over,_Z,Not applicable,M,Monthly,2022-09,,3.5,,,,A,Normal value,0,Units,1,One
DATAFLOW,OECD.SDD.TPS:DSD_LFS@DF_IALFS_INDIC(1.0),Infra-annual labour statistics,I,USA,United States,UNE_LF_M,Monthly unemployment rate,PT_LF_SUB,Percentage of labour force in the same subgroup,_Z,Not applicable,Y,Calendar and seasonally adjusted,_T,Total,Y_GE15,15 years or over,_Z,Not applicable,M,Monthly,2022-10,,3.6,,,,A,Normal value,0,Units,1,One
DATAFLOW,OECD.SDD.TPS:DSD_LFS@DF_IALFS_INDIC(1.0),Infra-annual labour statistics,I,USA,United States,UNE_LF_M,Monthly unemployment rate,PT_LF_SUB,Percentage of labour force in the same subgroup,_Z,Not applicable,Y,Calendar and seasonally adjusted,_T,Total,Y_GE15,15 years or over,_Z,Not applicable,M,Monthly,2022-11,,3.6,,,,A,Normal value,0,Units,1,One
DATAFLOW,OECD.SDD.TPS:DSD_LFS@DF_IALFS_INDIC(1.0),Infra-annual labour statistics,I,USA,United States,UNE_LF_M,Monthly unemployment rate,PT_LF_SUB,Percentage of labour force in the same subgroup,_Z,Not applicable,Y,Calendar and seasonally adjusted,_T,Total,Y_GE15,15 years or over,_Z,Not applicable,M,Monthly,2022-12,,3.5,,,,A,Normal value,0,Units,1,One
DATAFLOW,OECD.SDD.TPS:DSD_LFS@DF_IALFS_INDIC(1.0),Infra-annual labour statistics,I,USA,United States,UNE_LF_M,Monthly unemployment rate,PT_LF_SUB,Percentage of labour force in the same subgroup,_Z,Not applicable,Y,Calendar and seasonally adjusted,_T,Total,Y_GE15,15 years or over,_Z,Not applicable,M,Monthly,2023-01,,3.4,,,,A,Normal value,0,Units,1,One
DATAFLOW,OECD.SDD.TPS:DSD_LFS@DF_IALFS_INDIC(1.0),Infra-annual labour statistics,I,USA,United States,UNE_LF_M,Monthly unemployment rate,PT_LF_SUB,Percentage of labour force in the same subgroup,_Z,Not applicable,Y,Calendar and seasonally adjusted,_T,Total,Y_GE15,15 years or over,_Z,Not applicable,M,Monthly,2023-02,,3.6,,,,A,Normal value,0,Units,1,One
DATAFLOW,OECD.SDD.TPS:DSD_LFS@DF_IALFS_INDIC(1.0),Infra-annual labour statistics,I,USA,United States,UNE_LF_M,Monthly unemployment rate,PT_LF_SUB,Percentage of labour force in the same subgroup,_Z,Not applicable,Y,Calendar and seasonally adjusted,_T,Total,Y_GE15,15 years or over,_Z,Not applicable,M,Monthly,2023-03,,3.5,,,,A,Normal value,0,Units,1,One
DATAFLOW,OECD.SDD.TPS:DSD_LFS@DF_IALFS_INDIC(1.0),Infra-annual labour statistics,I,USA,United States,UNE_LF_M,Monthly unemployment rate,PT_LF_SUB,Percentage of labour force in the same subgroup,_Z,Not applicable,Y,Calendar and seasonally adjusted,_T,Total,Y_GE15,15 years or over,_Z,Not applicable,M,Monthly,2023-04,,3.4,,,,A,Normal value,0,Units,1,One
DATAFLOW,OECD.SDD.TPS:DSD_LFS@DF_IALFS_INDIC(1.0),Infra-annual labour statistics,I,USA,United States,UNE_LF_M,Monthly unemployment rate,PT_LF_SUB,Percentage of labour force in the same subgroup,_Z,Not applicable,Y,Calendar and seasonally adjusted,_T,Total,Y_GE15,15 years or over,_Z,Not applicable,M,Monthly,2023-05,,3.7,,,,A,Normal value,0,Units,1,One
DATAFLOW,OECD.SDD.TPS:DSD_LFS@DF_IALFS_INDIC(1.0),Infra-annual labour statistics,I,USA,United States,UNE_LF_M,Monthly unemployment rate,PT_LF_SUB,Percentage of labour force in the same subgroup,_Z,Not applicable,Y,Calendar and seasonally adjusted,_T,Total,Y_GE15,15 years or over,_Z,Not applicable,M,Monthly,2023-06,,3.6,,,,A,Normal value,0,Units,1,One
DATAFLOW,OECD.SDD.TPS:DSD_LFS@DF_IALFS_INDIC(1.0),Infra-annual labour statistics,I,USA,United States,UNE_LF_M,Monthly unemployment rate,PT_LF_SUB,Percentage of labour force in the same subgroup,_Z,Not applicable,Y,Calendar and seasonally adjusted,_T,Total,Y_GE15,15 years or over,_Z,Not applicable,M,Monthly,2023-07,,3.5,,,,A,Normal value,0,Units,1,One
DATAFLOW,OECD.SDD.TPS:DSD_LFS@DF_IALFS_INDIC(1.0),Infra-annual labour statistics,I,USA,United States,UNE_LF_M,Monthly unemployment rate,PT_LF_SUB,Percentage of labour force in the same subgroup,_Z,Not applicable,Y,Calendar and seasonally adjusted,_T,Total,Y_GE15,15 years or over,_Z,Not applicable,M,Monthly,2023-08,,3.8,,,,A,Normal value,0,Units,1,One
DATAFLOW,OECD.SDD.TPS:DSD_LFS@DF_IALFS_INDIC(1.0),Infra-annual labour statistics,I,USA,United States,UNE_LF_M,Monthly unemployment rate,PT_LF_SUB,Percentage of labour force in the same subgroup,_Z,Not applicable,Y,Calendar and seasonally adjusted,_T,Total,Y_GE15,15 years or over,_Z,Not applicable,M,Monthly,2023-09,,3.8,,,,A,Normal value,0,Units,1,One
DATAFLOW,OECD.SDD.TPS:DSD_LFS@DF_IALFS_INDIC(1.0),Infra-annual labour statistics,I,USA,United States,UNE_LF_M,Monthly unemployment rate,PT_LF_SUB,Percentage of labour force in the same subgroup,_Z,Not applicable,Y,Calendar and seasonally adjusted,_T,Total,Y_GE15,15 years or over,_Z,Not applicable,M,Monthly,2023-10,,3.8,,,,A,Normal value,0,Units,1,One
DATAFLOW,OECD.SDD.TPS:DSD_LFS@DF_IALFS_INDIC(1.0),Infra-annual labour statistics,I,USA,United States,UNE_LF_M,Monthly unemployment rate,PT_LF_SUB,Percentage of labour force in the same subgroup,_Z,Not applicable,Y,Calendar and seasonally adjusted,_T,Total,Y_GE15,15 years or over,_Z,Not applicable,M,Monthly,2023-11,,3.7,,,,A,Normal value,0,Units,1,One
DATAFLOW,OECD.SDD.TPS:DSD_LFS@DF_IALFS_INDIC(1.0),Infra-annual labour statistics,I,USA,United States,UNE_LF_M,Monthly unemployment rate,PT_LF_SUB,Percentage of labour force in the same subgroup,_Z,Not applicable,Y,Calendar and seasonally adjusted,_T,Total,Y_GE15,15 years or over,_Z,Not applicable,M,Monthly,2023-12,,3.7,,,,A,Normal value,0,Units,1,One
DATAFLOW,OECD.SDD.TPS:DSD_LFS@DF_IALFS_INDIC(1.0),Infra-annual labour statistics,I,USA,United States,UNE_LF_M,Monthly unemployment rate,PT_LF_SUB,Percentage of labour force in the same subgroup,_Z,Not applicable,Y,Calendar and seasonally adjusted,_T,Total,Y_GE15,15 years or over,_Z,Not applicable,M,Monthly,2024-01,,3.7,,,,A,Normal value,0,Units,1,One
DATAFLOW,OECD.SDD.TPS:DSD_LFS@DF_IALFS_INDIC(1.0),Infra-annual labour statistics,I,USA,United States,UNE_LF_M,Monthly unemployment rate,PT_LF_SUB,Percentage of labour force in the same subgroup,_Z,Not applicable,Y,Calendar and seasonally adjusted,_T,Total,Y_GE15,15 years or over,_Z,Not applicable,M,Monthly,2024-02,,3.9,,,,A,Normal value,0,Units,1,One
DATAFLOW,OECD.SDD.TPS:DSD_LFS@DF_IALFS_INDIC(1.0),Infra-annual labour statistics,I,USA,United States,UNE_LF_M,Monthly unemployment rate,PT_LF_SUB,Percentage of labour force in the same subgroup,_Z,Not applicable,Y,Calendar and seasonally adjusted,_T,Total,Y_GE15,15 years or over,_Z,Not applicable,M,Monthly,2024-03,,3.8,,,,A,Normal value,0,Units,1,One
